[
{
  "model": "webapp.room",
  "pk": 1,
  "fields": {
    "name": "Гостиная"
  }
},
{
  "model": "webapp.room",
  "pk": 3,
  "fields": {
    "name": "Кабинет"
  }
},
{
  "model": "webapp.room",
  "pk": 4,
  "fields": {
    "name": "Коридор"
  }
},
{
  "model": "webapp.room",
  "pk": 5,
  "fields": {
    "name": "Кухня"
  }
},
{
  "model": "webapp.room",
  "pk": 6,
  "fields": {
    "name": "Спальня"
  }
},
{
  "model": "webapp.room",
  "pk": 7,
  "fields": {
    "name": "Столовая"
  }
},
{
  "model": "webapp.room",
  "pk": 8,
  "fields": {
    "name": "Ванная"
  }
},
{
  "model": "webapp.room",
  "pk": 9,
  "fields": {
    "name": "Детские"
  }
},
{
  "model": "webapp.category",
  "pk": 3,
  "fields": {
    "name": "Диваны",
    "room": 1
  }
},
{
  "model": "webapp.category",
  "pk": 4,
  "fields": {
    "name": "Кресла",
    "room": 1
  }
},
{
  "model": "webapp.category",
  "pk": 5,
  "fields": {
    "name": "Стеллаж",
    "room": 1
  }
},
{
  "model": "webapp.category",
  "pk": 6,
  "fields": {
    "name": "Столы",
    "room": 1
  }
},
{
  "model": "webapp.category",
  "pk": 7,
  "fields": {
    "name": "Гардеробы и шкафы",
    "room": 9
  }
},
{
  "model": "webapp.category",
  "pk": 8,
  "fields": {
    "name": "Кровати",
    "room": 9
  }
},
{
  "model": "webapp.category",
  "pk": 9,
  "fields": {
    "name": "Стеллажи",
    "room": 9
  }
},
{
  "model": "webapp.category",
  "pk": 10,
  "fields": {
    "name": "Столы",
    "room": 9
  }
},
{
  "model": "webapp.category",
  "pk": 11,
  "fields": {
    "name": "Стулья",
    "room": 9
  }
},
{
  "model": "webapp.category",
  "pk": 12,
  "fields": {
    "name": "Кресла",
    "room": 3
  }
},
{
  "model": "webapp.category",
  "pk": 13,
  "fields": {
    "name": "Письменные столы",
    "room": 3
  }
},
{
  "model": "webapp.category",
  "pk": 14,
  "fields": {
    "name": "Склад",
    "room": 3
  }
},
{
  "model": "webapp.category",
  "pk": 20,
  "fields": {
    "name": "Другое",
    "room": 5
  }
},
{
  "model": "webapp.category",
  "pk": 21,
  "fields": {
    "name": "Кухонные гарнитуры",
    "room": 5
  }
},
{
  "model": "webapp.category",
  "pk": 22,
  "fields": {
    "name": "Напольные шкафы",
    "room": 5
  }
},
{
  "model": "webapp.category",
  "pk": 23,
  "fields": {
    "name": "Подвесные кухонные гарнитуры",
    "room": 5
  }
},
{
  "model": "webapp.category",
  "pk": 24,
  "fields": {
    "name": "Подвесные шкафы",
    "room": 5
  }
},
{
  "model": "webapp.category",
  "pk": 25,
  "fields": {
    "name": "Функциональные шкафы",
    "room": 5
  }
},
{
  "model": "webapp.category",
  "pk": 27,
  "fields": {
    "name": "Гардеробы",
    "room": 6
  }
},
{
  "model": "webapp.category",
  "pk": 28,
  "fields": {
    "name": "Кровати",
    "room": 6
  }
},
{
  "model": "webapp.category",
  "pk": 29,
  "fields": {
    "name": "Прикроватные шкафчики",
    "room": 6
  }
},
{
  "model": "webapp.category",
  "pk": 30,
  "fields": {
    "name": "Туалетные столики",
    "room": 6
  }
},
{
  "model": "webapp.category",
  "pk": 31,
  "fields": {
    "name": "Стулья",
    "room": 7
  }
},
{
  "model": "webapp.category",
  "pk": 32,
  "fields": {
    "name": "Столы",
    "room": 7
  }
},
{
  "model": "webapp.category",
  "pk": 33,
  "fields": {
    "name": "Барные стулья",
    "room": 7
  }
},
{
  "model": "webapp.category",
  "pk": 34,
  "fields": {
    "name": "Подвесные",
    "room": 8
  }
},
{
  "model": "webapp.category",
  "pk": 35,
  "fields": {
    "name": "Стоячее",
    "room": 8
  }
},
{
  "model": "webapp.category",
  "pk": 36,
  "fields": {
    "name": "Вешалки",
    "room": 4
  }
},
{
  "model": "webapp.category",
  "pk": 37,
  "fields": {
    "name": "шкафы",
    "room": 4
  }
},
{
  "model": "webapp.category",
  "pk": 38,
  "fields": {
    "name": "диваны",
    "room": 4
  }
},
{
  "model": "webapp.product",
  "pk": 1,
  "fields": {
    "room": 8,
    "category": 34,
    "name": "Подвесной шкаф Viosenna 50 см",
    "description": "Бренд: Viosenna\r\n50см\r\n\r\nПодвесные шкафы для ванной Viosenna\r\n\r\nПодвесные шкафы для ванной от бренда Viosenna сочетают в себе элегантность, функциональность и инновационный дизайн. Эти шкафы идеально подходят для современных ванных комнат, где каждый элемент интерьера призван улучшать эстетику и удобство пространства.",
    "amount": 10,
    
    "price": "3650.79",
    "picture": "product_pics/shkaf_sanflor_ingrid_50_belyj_matovyj_shvejcarskij_vyaz.webp"
  }
},
{
  "model": "webapp.product",
  "pk": 2,
  "fields": {
    "room": 8,
    "category": 34,
    "name": "Подвесной шкаф Viosenna 150см",
    "description": "Бренд: Viosenna\r\n150см\r\n\r\nПодвесные шкафы для ванной Viosenna\r\n\r\nПодвесные шкафы для ванной от бренда Viosenna сочетают в себе элегантность, функциональность и инновационный дизайн. Эти шкафы идеально подходят для современных ванных комнат, где каждый элемент интерьера призван улучшать эстетику и удобство пространства.",
    "amount": 10,
    
    "price": "10317.00",
    "picture": ""
  }
},
{
  "model": "webapp.product",
  "pk": 3,
  "fields": {
    "room": 8,
    "category": 34,
    "name": "Подвесной шкаф Viosenna 100см",
    "description": "Бренд: Viosenna\r\n100см\r\n\r\nПодвесные шкафы для ванной Viosenna\r\n\r\nПодвесные шкафы для ванной от бренда Viosenna сочетают в себе элегантность, функциональность и инновационный дизайн. Эти шкафы идеально подходят для современных ванных комнат, где каждый элемент интерьера призван улучшать эстетику и удобство пространства.",
    "amount": 10,
    
    "price": "6825.00",
    "picture": ""
  }
},
{
  "model": "webapp.product",
  "pk": 4,
  "fields": {
    "room": 8,
    "category": 34,
    "name": "Подвесной шкаф Haiti с зеркалом 75 см",
    "description": "Бренд: Haiti\r\n75 см\r\n\r\nNescabinets от Haiti — Идеальное решение для вашей ванной комнаты\r\n\r\nБренд Haiti представляет эксклюзивную серию подвесных шкафов для ванной комнаты — Nescabinets, которая сочетает в себе инновационный дизайн, функциональность и экологическую устойчивость. Эти шкафы идеально подходят для тех, кто ценит стиль, качество и устойчивость к переменам влажности и температуры.",
    "amount": 17,
    
    "price": "9047.62",
    "picture": ""
  }
},
{
  "model": "webapp.product",
  "pk": 5,
  "fields": {
    "room": 8,
    "category": 34,
    "name": "Подвесной шкаф Haiti с зеркалом 50 см",
    "description": "Nescabinets от Haiti — Идеальное решение для вашей ванной комнаты\r\n\r\nБренд Haiti представляет эксклюзивную серию подвесных шкафов для ванной комнаты — Nescabinets, которая сочетает в себе инновационный дизайн, функциональность и экологическую устойчивость. Эти шкафы идеально подходят для тех, кто ценит стиль, качество и устойчивость к переменам влажности и температуры.",
    "amount": 9,
    
    "price": "9047.62",
    "picture": ""
  }
},
{
  "model": "webapp.product",
  "pk": 6,
  "fields": {
    "room": 8,
    "category": 34,
    "name": "Подвесной шкаф Haiti 25 см",
    "description": "Бренд: Haiti\r\n25см\r\n\r\nNescabinets от Haiti — Идеальное решение для вашей ванной комнаты\r\n\r\nБренд Haiti представляет эксклюзивную серию подвесных шкафов для ванной комнаты — Nescabinets, которая сочетает в себе инновационный дизайн, функциональность и экологическую устойчивость. Эти шкафы идеально подходят для тех, кто ценит стиль, качество и устойчивость к переменам влажности и температуры.",
    "amount": 20,
    
    "price": "6349.21",
    "picture": ""
  }
},
{
  "model": "webapp.product",
  "pk": 7,
  "fields": {
    "room": 8,
    "category": 35,
    "name": "Шкаф Viosenna 50 см",
    "description": "Стоячие шкафы для ванной Viosenna\r\n\r\nСтоячие шкафы для ванной от бренда Viosenna представляют собой сочетание изысканного дизайна, практичности и долговечности. Разработанные с учетом современных тенденций дизайна и функциональности, эти шкафы идеально подходят для организации пространства в ванной комнате, обеспечивая достаточно места для хранения при сохранении эстетичного внешнего вида.",
    "amount": 5,
    
    "price": "6587.00",
    "picture": ""
  }
},
{
  "model": "webapp.product",
  "pk": 8,
  "fields": {
    "room": 8,
    "category": 35,
    "name": "Шкаф Viosenna 150см",
    "description": "Стоячие шкафы для ванной Viosenna\r\n\r\nСтоячие шкафы для ванной от бренда Viosenna представляют собой сочетание изысканного дизайна, практичности и долговечности. Разработанные с учетом современных тенденций дизайна и функциональности, эти шкафы идеально подходят для организации пространства в ванной комнате, обеспечивая достаточно места для хранения при сохранении эстетичного внешнего вида.",
    "amount": 8,
    
    "price": "12698.41",
    "picture": ""
  }
},
{
  "model": "webapp.product",
  "pk": 9,
  "fields": {
    "room": 8,
    "category": 35,
    "name": "Шкаф Viosenna 100см",
    "description": "Стоячие шкафы для ванной Viosenna\r\n\r\nСтоячие шкафы для ванной от бренда Viosenna представляют собой сочетание изысканного дизайна, практичности и долговечности. Разработанные с учетом современных тенденций дизайна и функциональности, эти шкафы идеально подходят для организации пространства в ванной комнате, обеспечивая достаточно места для хранения при сохранении эстетичного внешнего вида.",
    "amount": 4,
    
    "price": "8412.70",
    "picture": ""
  }
},
{
  "model": "webapp.product",
  "pk": 10,
  "fields": {
    "room": 8,
    "category": 35,
    "name": "Высокий шкаф Haiti 75см",
    "description": "Стоячие шкафы для ванной от бренда Haiti\r\n\r\nСтоячие шкафы для ванной от бренда Haiti объединяют в себе функциональность, стиль и инновационные решения. Эти шкафы разработаны для того, чтобы максимально использовать пространство вашей ванной комнаты, при этом добавляя современные акценты в дизайн интерьера.",
    "amount": 10,
    
    "price": "13809.52",
    "picture": ""
  }
},
{
  "model": "webapp.product",
  "pk": 11,
  "fields": {
    "room": 8,
    "category": 35,
    "name": "Высокиий шкаф Haiti 50см",
    "description": "Стоячие шкафы для ванной от бренда Haiti\r\n\r\nСтоячие шкафы для ванной от бренда Haiti объединяют в себе функциональность, стиль и инновационные решения. Эти шкафы разработаны для того, чтобы максимально использовать пространство вашей ванной комнаты, при этом добавляя современные акценты в дизайн интерьера.",
    "amount": 15,
    
    "price": "11746.03",
    "picture": ""
  }
},
{
  "model": "webapp.product",
  "pk": 12,
  "fields": {
    "room": 8,
    "category": 35,
    "name": "Шкаф Haiti 100см",
    "description": "Стоячие шкафы для ванной от бренда Haiti\r\n\r\nСтоячие шкафы для ванной от бренда Haiti объединяют в себе функциональность, стиль и инновационные решения. Эти шкафы разработаны для того, чтобы максимально использовать пространство вашей ванной комнаты, при этом добавляя современные акценты в дизайн интерьера.",
    "amount": 3,
    
    "price": "10793.65",
    "picture": ""
  }
},
{
  "model": "webapp.product",
  "pk": 13,
  "fields": {
    "room": 1,
    "category": 3,
    "name": "Узорчатая софа Sanguis",
    "description": "Диваны для гостиной от бренда Sanguis\r\n\r\nДиваны для гостиной от изысканного бренда Sanguis — это вершина мастерства и дизайнерского искусства в мире мебели. Созданные для того, чтобы стать центральным элементом любой гостиной, эти диваны отличаются не только своим внешним видом, но и высоким качеством изготовления.",
    "amount": 7,
    
    "price": "18888.89",
    "picture": ""
  }
},
{
  "model": "webapp.product",
  "pk": 14,
  "fields": {
    "room": 1,
    "category": 3,
    "name": "Светлая софа Sanguis",
    "description": "Диваны для гостиной от бренда Sanguis\r\n\r\nДиваны для гостиной от изысканного бренда Sanguis — это вершина мастерства и дизайнерского искусства в мире мебели. Созданные для того, чтобы стать центральным элементом любой гостиной, эти диваны отличаются не только своим внешним видом, но и высоким качеством изготовления.",
    "amount": 8,
    
    "price": "18888.89",
    "picture": ""
  }
},
{
  "model": "webapp.product",
  "pk": 15,
  "fields": {
    "room": 1,
    "category": 3,
    "name": "Маленький светлый диван Moderni",
    "description": "Маленький светлый диван от бренда Moderni\r\n\r\nМаленький светлый диван от бренда Moderni представляет собой идеальное сочетание современного дизайна и функциональности, специально созданное для компактных пространств. Этот диван идеально подходит для современных гостиных, предлагая комфорт и стиль в минималистичной форме.",
    "amount": 10,
    
    "price": "7920.63",
    "picture": ""
  }
},
{
  "model": "webapp.product",
  "pk": 16,
  "fields": {
    "room": 1,
    "category": 3,
    "name": "Маленький темный диван Moderni",
    "description": "Маленький темный диван от бренда Moderni\r\n\r\nМаленький темный диван от бренда Moderni представляет собой идеальное сочетание современного дизайна и функциональности, специально созданное для компактных пространств. Этот диван идеально подходит для современных гостиных, предлагая комфорт и стиль в минималистичной форме.",
    "amount": 10,
    
    "price": "7920.63",
    "picture": ""
  }
},
{
  "model": "webapp.product",
  "pk": 17,
  "fields": {
    "room": 1,
    "category": 3,
    "name": "Светлый правый угловой диван Melissa",
    "description": "Светлый угловой диван Melissa\r\n\r\nСветлый угловой диван Melissa — это воплощение комфорта и современного стиля, идеально подходящее для современных гостиных, где пространство и свет являются ключевыми элементами интерьера. Этот диван не только украсит ваш дом, но и обеспечит идеальное место для отдыха и общения.",
    "amount": 5,
    
    "price": "46015.87",
    "picture": ""
  }
},
{
  "model": "webapp.product",
  "pk": 18,
  "fields": {
    "room": 1,
    "category": 3,
    "name": "Темный угловой диван Melissa",
    "description": "Темный угловой диван Melissa\r\n\r\nТемный угловой диван Melissa — это воплощение комфорта и современного стиля, идеально подходящее для современных гостиных, где пространство и свет являются ключевыми элементами интерьера. Этот диван не только украсит ваш дом, но и обеспечит идеальное место для отдыха и общения.",
    "amount": 5,
    
    "price": "46015.87",
    "picture": ""
  }
},
{
  "model": "webapp.product",
  "pk": 19,
  "fields": {
    "room": 1,
    "category": 4,
    "name": "Кожаное кресло Keira",
    "description": "Кожаное кресло Keira\r\n\r\nКожаное кресло Keira отличается изысканным дизайном и исключительной удобством. Оно идеально подходит для создания роскошной и комфортной атмосферы в любом пространстве, от гостиной до домашнего офиса.",
    "amount": 9,
    
    "price": "34920.63",
    "picture": ""
  }
},
{
  "model": "webapp.product",
  "pk": 20,
  "fields": {
    "room": 1,
    "category": 4,
    "name": "Яркое кресло Skruvsta",
    "description": "Яркое кресло Skruvsta\r\n\r\nЯркое кресло Skruvsta представляет собой смелое и яркое решение для тех, кто желает добавить акцент в интерьер своего дома или офиса. С его яркими цветами и уникальной формой, Skruvsta становится не просто местом для сидения, но и выразительным элементом декора.",
    "amount": 12,
    
    "price": "5650.79",
    "picture": ""
  }
},
{
  "model": "webapp.product",
  "pk": 21,
  "fields": {
    "room": 1,
    "category": 5,
    "name": "Деревянный книжный шкаф Lexington",
    "description": "Деревянный книжный шкаф Lexington\r\n\r\nДеревянный книжный шкаф Lexington сочетает в себе классическую элегантность и функциональность, делая его идеальным выбором для хранения книг и отображения декоративных предметов. Этот шкаф выполнен из высококачественного дерева, что обеспечивает его прочность и долговечность.",
    "amount": 2,
    
    "price": "31746.03",
    "picture": ""
  }
},
{
  "model": "webapp.product",
  "pk": 22,
  "fields": {
    "room": 1,
    "category": 5,
    "name": "Сервант Lilik",
    "description": "Сервант Lilik\r\n\r\nСервант Lilik – это элегантное и практичное дополнение к любому интерьеру, от классического до современного. Изготовленный с учетом мастерства и качества, он предлагает идеальное сочетание функциональности и стиля, обеспечивая достаточно места для хранения и отображения ваших вещей.",
    "amount": 6,
    
    "price": "6825.40",
    "picture": ""
  }
},
{
  "model": "webapp.product",
  "pk": 23,
  "fields": {
    "room": 1,
    "category": 6,
    "name": "Кофейный столик Lexington",
    "description": "Кофейный столик Lexington\r\n\r\nКофейный столик Lexington объединяет в себе изысканность и практичность, делая его отличным дополнением к любому жилому пространству. Этот столик идеально подходит для гостиных, где стиль и функциональность стоят на первом месте.",
    "amount": 4,
    
    "price": "23809.52",
    "picture": ""
  }
},
{
  "model": "webapp.product",
  "pk": 24,
  "fields": {
    "room": 1,
    "category": 6,
    "name": "Кофейный столик Wiak",
    "description": "Кофейный столик Wiak\r\n\r\nКофейный столик Wiak — это современное и стильное решение для вашей гостиной. Благодаря своему уникальному дизайну и функциональности, он не только служит практичным предметом мебели, но и выступает в качестве яркого акцента в интерьере.",
    "amount": 7,
    
    "price": "5857.14",
    "picture": ""
  }
},
{
  "model": "webapp.product",
  "pk": 25,
  "fields": {
    "room": 3,
    "category": 12,
    "name": "Директорский стул Nolina",
    "description": "Директорский стул Nolina\r\n\r\nДиректорский стул Nolina — это воплощение комфорта и роскоши, идеально подходящее для элегантных офисных пространств. Этот стул разработан для руководителей, которые ценят высокое качество и комфорт в каждой детали своего рабочего места.",
    "amount": 17,
    
    "price": "17460.32",
    "picture": ""
  }
},
{
  "model": "webapp.product",
  "pk": 26,
  "fields": {
    "room": 3,
    "category": 12,
    "name": "Офисное кресло Getic",
    "description": "Офисное кресло Getic\r\n\r\nОфисное кресло Getic представляет собой сочетание эргономики, стиля и долговечности, предназначенное для современных рабочих пространств. Это кресло разработано для обеспечения максимального комфорта в течение длительного рабочего дня, при этом поддерживая здоровье и благополучие пользователя.",
    "amount": 20,
    
    "price": "3793.65",
    "picture": ""
  }
},
{
  "model": "webapp.product",
  "pk": 27,
  "fields": {
    "room": 3,
    "category": 13,
    "name": "Письменный стол Aleksander",
    "description": "Письменный стол Aleksander\r\n\r\nПисьменный стол Aleksander сочетает в себе классический стиль и современную функциональность, становясь идеальным выбором для любого домашнего или офисного пространства. Этот стол предназначен для тех, кто ценит простоту, элегантность и практичность.",
    "amount": 4,
    
    "price": "39682.54",
    "picture": ""
  }
},
{
  "model": "webapp.product",
  "pk": 28,
  "fields": {
    "room": 3,
    "category": 13,
    "name": "Компьютерный стол",
    "description": "Компьютерный стол Elici\r\n\r\nКомпьютерный стол Elici — это современное и функциональное решение для вашего рабочего или игрового пространства. С его помощью можно эффективно организовать все необходимые устройства и аксессуары, обеспечивая комфорт и удобство во время работы или игры.",
    "amount": 10,
    
    "price": "11095.24",
    "picture": ""
  }
},
{
  "model": "webapp.product",
  "pk": 29,
  "fields": {
    "room": 3,
    "category": 14,
    "name": "Книжный шкаф Loftiti",
    "description": "Книжный шкаф Loftiti\r\n\r\nКнижный шкаф Loftiti — это сочетание современного дизайна и функциональности, идеально подходящее для хранения книг, журналов и других предметов. Этот шкаф отлично впишется в любое пространство благодаря своему стильному и универсальному внешнему виду.",
    "amount": 2,
    
    "price": "10793.65",
    "picture": ""
  }
},
{
  "model": "webapp.product",
  "pk": 30,
  "fields": {
    "room": 3,
    "category": 14,
    "name": "Низкий шкаф с ящиками Lapides",
    "description": "Низкий шкаф с ящиками Lapides\r\n\r\nНизкий шкаф с ящиками Lapides — это пример современного дизайна, объединяющий функциональность и стиль. Идеально подходящий для использования в гостиных, спальнях или офисах, этот шкаф предлагает удобное решение для хранения с легким доступом к содержимому.",
    "amount": 4,
    
    "price": "14761.91",
    "picture": ""
  }
},
{
  "model": "webapp.product",
  "pk": 31,
  "fields": {
    "room": 4,
    "category": 37,
    "name": "Обувной шкаф Rakun",
    "description": "Обувной шкаф Rakun\r\n\r\nОбувной шкаф Rakun представляет собой изящное и практичное решение для хранения обуви, сочетая в себе функциональность и стильный дизайн. Этот шкаф оптимально подходит для прихожих или гардеробных, где необходимо эффективно использовать пространство и поддерживать порядок.",
    "amount": 12,
    
    "price": "4761.90",
    "picture": ""
  }
},
{
  "model": "webapp.product",
  "pk": 32,
  "fields": {
    "room": 4,
    "category": 37,
    "name": "Гардероб rakun",
    "description": "Гардероб Rakun\r\n\r\nГардероб Rakun — это идеальное сочетание функциональности и современного дизайна, созданное для максимального удобства и оптимизации пространства. Отлично подходящий для спальни или прихожей, этот гардероб предлагает обширное пространство для хранения одежды и аксессуаров, обеспечивая порядок и доступность ваших вещей.",
    "amount": 9,
    
    "price": "6666.67",
    "picture": ""
  }
},
{
  "model": "webapp.product",
  "pk": 33,
  "fields": {
    "room": 4,
    "category": 36,
    "name": "Вешалка Sodali",
    "description": "Вешалка Sodali\r\n\r\nВешалка Sodali — это изысканный и функциональный аксессуар для вашего дома. С её помощью можно организовать пространство в прихожей или гардеробной, добавляя элегантный элемент декора, который сочетает в себе практичность и современный дизайн.",
    "amount": 5,
    
    "price": "7619.05",
    "picture": ""
  }
},
{
  "model": "webapp.product",
  "pk": 34,
  "fields": {
    "room": 4,
    "category": 36,
    "name": "Вешалки Nowsan",
    "description": "Вешалки Nowsan\r\n\r\nВешалки Nowsan представляют собой современное и стильное решение для хранения одежды, сочетающее функциональность с уникальным дизайном. Эти вешалки идеально подходят для использования в домашних гардеробных, спальнях или входных зонах, обеспечивая не только удобство хранения, но и добавляя эстетическую привлекательность к вашему пространству.",
    "amount": 8,
    
    "price": "603.17",
    "picture": ""
  }
},
{
  "model": "webapp.product",
  "pk": 35,
  "fields": {
    "room": 4,
    "category": 38,
    "name": "Пуф Jonathan",
    "description": "Широкий пуф Jonathan сочетает в себе комфорт, универсальность и современный дизайн. Этот многофункциональный элемент мебели идеально подходит для любого пространства, от гостиной до спальни, предоставляя дополнительные места для сидения или удобную опору для ног.",
    "amount": 8,
    
    "price": "6349.21",
    "picture": ""
  }
},
{
  "model": "webapp.product",
  "pk": 36,
  "fields": {
    "room": 4,
    "category": 38,
    "name": "Полукруглый пуф Jonathan",
    "description": "Пуф Jonathan\r\n\r\nПуф Jonathan сочетает в себе комфорт, универсальность и современный дизайн. Этот многофункциональный элемент мебели идеально подходит для любого пространства, от гостиной до спальни, предоставляя дополнительные места для сидения или удобную опору для ног.",
    "amount": 5,
    
    "price": "6349.21",
    "picture": ""
  }
},
{
  "model": "webapp.product",
  "pk": 37,
  "fields": {
    "room": 5,
    "category": 20,
    "name": "Современный кухонный шкаф с раковиной Andy",
    "description": "Кухонный шкаф с раковиной Andy представляет собой элегантное и практичное решение для современных кухонь. Этот шкаф со встроенной раковиной объединяет функциональность и современный дизайн, максимально эффективно используя пространство и обеспечивая удобство при приготовлении пищи и уборке.",
    "amount": 3,
    
    "price": "15857.14",
    "picture": ""
  }
},
{
  "model": "webapp.product",
  "pk": 38,
  "fields": {
    "room": 5,
    "category": 20,
    "name": "Классический кухонный угловой комплект с раковиной",
    "description": "Классический кухонный угловой комплект с раковиной — это идеальное решение для максимальной эффективности использования кухонного пространства. Этот комплект, сочетающий в себе традиционные стилистические элементы и современные функции, предоставляет все необходимое для комфортной кулинарии и хранения кухонных принадлежностей.",
    "amount": 3,
    
    "price": "57126.98",
    "picture": ""
  }
},
{
  "model": "webapp.product",
  "pk": 39,
  "fields": {
    "room": 5,
    "category": 21,
    "name": "Кухонный сет с Aplemtendo 3m",
    "description": "Кухонный сет Aplemtendo длиной 3 метра - это идеальное решение для современных кухонь, где каждый сантиметр пространства на счету. Он спроектирован так, чтобы обеспечить максимальную функциональность и стиль, сочетая в себе современные технологии и элегантный дизайн.",
    "amount": 2,
    
    "price": "23571.43",
    "picture": ""
  }
},
{
  "model": "webapp.product",
  "pk": 40,
  "fields": {
    "room": 5,
    "category": 21,
    "name": "Кухонный сет B Amplemtendo 2m",
    "description": "Кухонный сет B Amplemtendo длиной 2 метра представляет собой компактное, но вместительное решение для небольших кухонь или студий. Современный дизайн, оптимизация пространства и интегрированная функциональность делают этот кухонный комплект идеальным выбором для тех, кто ищет стиль и эффективность в ограниченном пространстве.",
    "amount": 2,
    
    "price": "19047.62",
    "picture": ""
  }
},
{
  "model": "webapp.product",
  "pk": 41,
  "fields": {
    "room": 5,
    "category": 22,
    "name": "Кухонный шкаф Vigo 75 см",
    "description": "Кухонный шкаф Vigo шириной 75 см — это элегантное и практичное решение для улучшения функциональности вашей кухни. Этот шкаф идеально подходит для современных кухонь, где каждый элемент мебели должен быть не только красивым, но и максимально функциональным.",
    "amount": 5,
    
    "price": "3793.65",
    "picture": ""
  }
},
{
  "model": "webapp.product",
  "pk": 42,
  "fields": {
    "room": 5,
    "category": 22,
    "name": "Кухонный остров Amplemtendo 200см",
    "description": "Кухонный остров Amplemtendo длиной 200 см — это воплощение современного дизайна и функциональности, специально разработанный для тех, кто стремится максимально эффективно использовать кухонное пространство. Этот остров станет центральным элементом кухни, предлагая дополнительное место для хранения, рабочие поверхности и место для совместного времяпрепровождения.",
    "amount": 5,
    
    "price": "24603.17",
    "picture": ""
  }
},
{
  "model": "webapp.product",
  "pk": 43,
  "fields": {
    "room": 5,
    "category": 23,
    "name": "Подвесной кухонный сет B Amplemtendo 2m",
    "description": "Подвесной кухонный сет B Amplemtendo длиной 2 метра представляет собой стильное и инновационное решение для современных кухонь, которые ценят функциональность, современный дизайн и оптимизацию пространства. Этот набор является идеальным выбором для тех, кто ищет элегантное и практичное решение для хранения кухонных принадлежностей в условиях ограниченного пространства.",
    "amount": 5,
    
    "price": "10238.10",
    "picture": ""
  }
},
{
  "model": "webapp.product",
  "pk": 44,
  "fields": {
    "room": 5,
    "category": 23,
    "name": "Подвесной кухонный сет D Снеговик 3м",
    "description": "Подвесной кухонный сет D Снеговик длиной 3 метра сочетает в себе превосходную функциональность и современный дизайн, предлагая эффективное решение для хранения и организации кухонного пространства. Этот сет идеально подходит для кухонь, где важен каждый сантиметр пространства, обеспечивая удобство и стиль.",
    "amount": 4,
    
    "price": "20634.92",
    "picture": ""
  }
},
{
  "model": "webapp.product",
  "pk": 45,
  "fields": {
    "room": 5,
    "category": 24,
    "name": "Подвесной низкий шкаф 60см Imbus",
    "description": "Подвесной низкий шкаф Imbus шириной 60 см — это идеальное решение для тех, кто ищет стильное и практичное дополнение к современному интерьеру. С его помощью вы сможете эффективно использовать пространство, добавляя функциональность без перегрузки помещения.",
    "amount": 10,
    
    "price": "4126.98",
    "picture": ""
  }
},
{
  "model": "webapp.product",
  "pk": 46,
  "fields": {
    "room": 5,
    "category": 24,
    "name": "Подвесной шкаф Marv со стеклянной дверцей 80см",
    "description": "Подвесной шкаф Marv со стеклянной дверцей шириной 80 см представляет собой элегантное и практичное решение для хранения, идеально подходящее для кухонь, ванных комнат или гостиных. Этот стильный шкаф сочетает в себе функциональность и современный дизайн, делая его прекрасным дополнением к любому интерьеру.",
    "amount": 9,
    
    "price": "6349.21",
    "picture": ""
  }
},
{
  "model": "webapp.product",
  "pk": 47,
  "fields": {
    "room": 5,
    "category": 25,
    "name": "Кухонная раковина Vigo 100см",
    "description": "Кухонная раковина бренда Vigo, шириной 100 см, выполнена из высококачественной нержавеющей стали, которая обеспечивает долговечность и легкость в уходе. Дизайн раковины минималистичен, с гладкими линиями и современной матовой отделкой, делающей её идеальным выбором для современных кухонь. Модель оснащена дополнительной функцией антибактериальной защиты, которая помогает поддерживать гигиену на кухне. Эргономичная форма раковины обеспечивает максимальное удобство в использовании, а широкая глубина позволяет легко помещать в неё большие кухонные принадлежности.",
    "amount": 5,
    
    "price": "4063.49",
    "picture": ""
  }
},
{
  "model": "webapp.product",
  "pk": 48,
  "fields": {
    "room": 5,
    "category": 25,
    "name": "Деревянный шкаф с двойной духовкой Vigo",
    "description": "Деревянный шкаф с двойной духовкой от бренда Vigo сочетает в себе функциональность и стиль. Изготовлен из качественного дерева с изысканной отделкой, он обеспечивает не только долговечность, но и добавляет изысканности любому интерьеру кухни. Встроенные духовки с инновационными функциями позволяют готовить множество блюд одновременно, экономя время и энергию. Этот шкаф идеально подходит для тех, кто ценит качество и удобство в повседневной жизни.",
    "amount": 4,
    
    "price": "50952.28",
    "picture": ""
  }
},
{
  "model": "webapp.product",
  "pk": 49,
  "fields": {
    "room": 6,
    "category": 27,
    "name": "Гардероб Tekma",
    "description": "Гардероб Tekma представляет собой ультрасовременное решение для хранения одежды, сочетающее в себе функциональность и стиль. Этот гардероб изготовлен из прочных материалов и имеет гладкую, минималистичную отделку, что делает его идеальным дополнением к любому современному интерьеру. Просторные отделения и удобные вешалки обеспечивают оптимальное размещение одежды и аксессуаров, поддерживая порядок и доступность вещей.",
    "amount": 5,
    
    "price": "16240.50",
    "picture": ""
  }
},
{
  "model": "webapp.product",
  "pk": 50,
  "fields": {
    "room": 6,
    "category": 27,
    "name": "Комод Havana",
    "description": "Комод Havana для спальни — это изящное сочетание классического дизайна и современной функциональности. Выполненный из высококачественного дерева с теплым оттенком, комод не только украшает пространство, но и предлагает обширное хранилище благодаря просторным выдвижным ящикам. Элегантные ручки и плавные линии добавляют комоду утонченности, делая его идеальным выбором для любой спальни, стремящейся к комфорту и стилю.",
    "amount": 4,
    
    "price": "35714.29",
    "picture": ""
  }
},
{
  "model": "webapp.product",
  "pk": 51,
  "fields": {
    "room": 6,
    "category": 28,
    "name": "Двуспальная кровать KAO",
    "description": "Двуспальная кровать KAO отличается лаконичным дизайном и удобством. Каркас кровати выполнен из высококачественного дерева, обеспечивающего надежность и долговечность. Мягкое изголовье, обитое качественной тканью, добавляет комфорт и создает уютную атмосферу в спальне. Элегантная и функциональная, эта кровать предоставляет идеальное место для отдыха, сочетая в себе простоту и современный стиль, подходящий для разнообразных интерьеров.",
    "amount": 5,
    
    "price": "30158.73",
    "picture": ""
  }
},
{
  "model": "webapp.product",
  "pk": 52,
  "fields": {
    "room": 6,
    "category": 28,
    "name": "Односпальная кровать Tekma",
    "description": "Односпальная кровать Tekma — это сочетание современного стиля и практичности. Изготовлена из прочных материалов с минималистичной отделкой, эта кровать идеально вписывается в малогабаритные спальни или гостевые комнаты. Лаконичное изголовье придает строгий и элегантный вид, в то время как устойчивый каркас обеспечивает долговечность и комфорт. Tekma предлагает максимальную функциональность на ограниченном пространстве, делая ее отличным выбором для тех, кто ценит простоту и качество.",
    "amount": 7,
    
    "price": "19841.27",
    "picture": ""
  }
},
{
  "model": "webapp.product",
  "pk": 53,
  "fields": {
    "room": 6,
    "category": 29,
    "name": "Прикроватная тумба Tekma",
    "description": "Прикроватная тумба Tekma — это идеальное дополнение к современной спальне, сочетающее в себе эстетику и функциональность. Элегантная и компактная, она выполнена из высококачественных материалов с гладкой отделкой, что подчеркивает ее современный дизайн. Тумба оборудована выдвижными ящиками на плавных направляющих, которые обеспечивают тихое и легкое открытие. Практичная верхняя поверхность идеально подходит для размещения ночного светильника, книг или других предметов, необходимых под рукой. Tekma добавит удобства и стиля в любое спальное пространство.",
    "amount": 5,
    
    "price": "7539.68",
    "picture": ""
  }
},
{
  "model": "webapp.product",
  "pk": 54,
  "fields": {
    "room": 6,
    "category": 29,
    "name": "Ночной столик Hermes",
    "description": "Ночной столик Hermes выделяется своим изысканным дизайном и высоким качеством исполнения. Он выполнен из премиум-класса дерева с тщательно обработанной поверхностью, которая подчеркивает естественную текстуру и красоту материала. Столик оснащен одним или двумя выдвижными ящиками с элегантными ручками, обеспечивающими достаточно места для хранения ваших вещей. Компактный размер позволяет удобно разместить его рядом с кроватью, делая важные предметы легкодоступными. Эстетическая привлекательность и функциональность делают Hermes идеальным выбором для любой современной спальни.",
    "amount": 10,
    
    "price": "2047.00",
    "picture": ""
  }
},
{
  "model": "webapp.product",
  "pk": 55,
  "fields": {
    "room": 6,
    "category": 30,
    "name": "Туалетный столик Tekma",
    "description": "Туалетный столик Tekma — это современное и стильное решение для вашей спальни. Изготовленный из качественного дерева с элегантной отделкой, столик обладает гладкими, чистыми линиями, которые дополнят любой современный интерьер. Он оснащен просторным зеркалом, которое обеспечивает отличный обзор и удобство при использовании. Вместительные ящики предлагают достаточно места для хранения косметики, украшений и других личных предметов. Компактные размеры позволяют разместить его даже в небольших пространствах, делая Tekma идеальным выбором для создания функционального и привлекательного уголка красоты.",
    "amount": 5,
    
    "price": "8333.33",
    "picture": ""
  }
},
{
  "model": "webapp.product",
  "pk": 56,
  "fields": {
    "room": 6,
    "category": 30,
    "name": "Туалетный столик Hermes",
    "description": "Туалетный столик Hermes отличается своей роскошью и элегантностью, воплощая в себе классический шик с современными акцентами. Изготовленный из высококачественного дерева с богатым отделочным покрытием, столик придает любой спальне ощущение изысканности. Включает в себя большое зеркало, обрамленное декоративными деталями, идеально подходящее для макияжа или укладки. Многофункциональные выдвижные ящики с изящными ручками предоставляют обильное пространство для хранения косметики, украшений и других аксессуаров. Этот столик не только удобен в использовании, но и служит великолепным декоративным элементом, украшающим интерьер.",
    "amount": 4,
    
    "price": "6031.75",
    "picture": ""
  }
},
{
  "model": "webapp.product",
  "pk": 57,
  "fields": {
    "room": 7,
    "category": 33,
    "name": "Барный стул Mika",
    "description": "Барный стул Mika сочетает в себе современный дизайн и практичность. Он изготовлен из качественных материалов, обеспечивающих долговечность и удобство использования. Стул имеет стильную металлическую основу и мягкое сиденье, обитое прочной тканью, что добавляет комфорт. Эргономичная форма спинки и возможность регулировки высоты делают его идеальным выбором для любого барного пространства или кухонного острова. Дизайн Mika, сочетающий минимализм и функциональность, идеально вписывается в любой современный интерьер, добавляя ему изысканности и утонченности.",
    "amount": 10,
    
    "price": "1147.62",
    "picture": ""
  }
},
{
  "model": "webapp.product",
  "pk": 58,
  "fields": {
    "room": 7,
    "category": 33,
    "name": "Деревянный барный стул Werik",
    "description": "Деревянный барный стул Werik объединяет классику и современность в своем дизайне. Выполнен из твердого дерева высокого качества, он гарантирует устойчивость и долговечность. Стильное сиденье и спинка стула изящно отделаны, предоставляя не только эстетическое наслаждение, но и высокий уровень комфорта. Природный цвет дерева подчеркивает теплоту материала и легко сочетается с различными стилями интерьера. Werik — идеальный выбор для тех, кто ищет барный стул, который будет одинаково красиво смотреться как в домашнем, так и в коммерческом пространстве.",
    "amount": 10,
    
    "price": "12698.41",
    "picture": ""
  }
},
{
  "model": "webapp.product",
  "pk": 59,
  "fields": {
    "room": 7,
    "category": 32,
    "name": "Обеденный стол Nolina",
    "description": "Обеденный стол Nolina — это превосходное сочетание элегантности и функциональности. Изготовленный из высококачественного дерева, стол имеет прочную и стабильную конструкцию. Прямоугольная столешница обеспечивает достаточно места для комфортного размещения гостей и подчеркивает минималистский дизайн, который легко вписывается в любой современный или традиционный интерьер. Ножки стола тонко отделаны, добавляя изысканности общему виду. Nolina идеально подходит для семейных обедов или вечерних посиделок с друзьями, обеспечивая долговечность и стиль в каждой детали.",
    "amount": 5,
    
    "price": "42857.14",
    "picture": ""
  }
},
{
  "model": "webapp.product",
  "pk": 60,
  "fields": {
    "room": 7,
    "category": 32,
    "name": "Деревянный Обеденный стол Ataman",
    "description": "Деревянный обеденный стол Ataman отличается своей массивностью и роскошью. Этот стол выполнен из твердых пород дерева, что гарантирует его прочность и долговечность. Классический дизайн с толстой столешницей и массивными ножками делает его внешний вид внушительным и элегантным. Поверхность стола имеет защитное покрытие, которое не только подчеркивает красоту древесного рисунка, но и упрощает уход за столом. Ataman идеален для больших семейных обедов и может стать центральным элементом в обеденной зоне, добавляя тепло и уют в каждую трапезу.",
    "amount": 5,
    
    "price": "68253.97",
    "picture": ""
  }
},
{
  "model": "webapp.product",
  "pk": 61,
  "fields": {
    "room": 7,
    "category": 31,
    "name": "Стул Ataman",
    "description": "Стул Ataman — это сочетание традиционного стиля и современной эргономики. Изготовленный из прочного дерева, этот стул имеет твердую и надежную конструкцию, обеспечивая долговечность и устойчивость. Сиденье и спинка стула отделаны мягким материалом, который обеспечивает комфорт даже во время длительного сидения. Классический дизайн с резными элементами и элегантные линии делают его идеальным выбором для столовой или гостиной, где он добавит изысканности и аристократического шарма. Ataman подойдет тем, кто ценит качество и комфорт в каждой детали интерьера.",
    "amount": 25,
    
    "price": "15079.37",
    "picture": ""
  }
},
{
  "model": "webapp.product",
  "pk": 62,
  "fields": {
    "room": 7,
    "category": 31,
    "name": "Стул с подлокотниками Nolina",
    "description": "Стул с подлокотниками Nolina представляет собой элегантное и комфортабельное решение для любого интерьера. Этот стул изготовлен из высококачественного дерева, что обеспечивает его надежность и долговечность. Подлокотники добавляют дополнительный комфорт, делая стул идеальным для длительного сидения, будь то обеденный стол или рабочий кабинет. Мягкое обивочное сиденье и спинка обеспечивают отличную поддержку и комфорт. Дизайн стула Nolina сочетает в себе простоту и изысканность, его лаконичные линии и теплый оттенок дерева легко вписываются в различные стили декора.",
    "amount": 25,
    
    "price": "9841.27",
    "picture": ""
  }
},
{
  "model": "webapp.product",
  "pk": 63,
  "fields": {
    "room": 9,
    "category": 7,
    "name": "Гардероб Yuppi 100см с ящиками",
    "description": "Гардероб Yuppi шириной 100 см с ящиками — это практичное и стильное решение для хранения одежды и аксессуаров. Изготовлен из качественных материалов, гардероб обеспечивает долговечность и устойчивость. Дизайн включает несколько ящиков разного размера, что позволяет оптимально организовать пространство и обеспечить легкий доступ к содержимому. Современная отделка и минималистичные ручки добавляют изысканности и подходят под любой интерьер. Гардероб Yuppi идеален для тех, кто ищет компактное, но вместительное решение для хранения вещей.",
    "amount": 5,
    
    "price": "6666.67",
    "picture": ""
  }
},
{
  "model": "webapp.product",
  "pk": 64,
  "fields": {
    "room": 9,
    "category": 7,
    "name": "Деревянный шкаф Fenrir",
    "description": "Деревянный шкаф Fenrir — это пример классического ремесленного мастерства, сочетающий в себе прочность и эстетическую привлекательность. Изготовлен из твердого дерева, шкаф имеет натуральный, насыщенный цвет и текстуру, которая выделяет его среди других предметов мебели. Массивные дверцы шкафа закрывают просторное внутреннее пространство, идеально подходящее для хранения одежды, посуды или книг. Традиционные элементы дизайна, такие как ручная резьба или фурнитура в винтажном стиле, добавляют изысканности и уникальности. Шкаф Fenrir станет центральным элементом в любой комнате, добавляя тепло и характер домашнему убранству.",
    "amount": 5,
    
    "price": "9841.27",
    "picture": ""
  }
},
{
  "model": "webapp.product",
  "pk": 65,
  "fields": {
    "room": 9,
    "category": 7,
    "name": "Книжный шкаф Fenrir",
    "description": "Книжный шкаф Fenrir — это изысканное сочетание функциональности и классического дизайна. Этот шкаф изготовлен из прочного дерева, что обеспечивает его долговечность и устойчивость. С глубокими, широкими полками, он предлагает обильное пространство для хранения книг, декоративных предметов или даже медиаустройств. Резные детали на фасаде и традиционные металлические ручки придают шкафу винтажный вид, делая его не только практичным, но и визуально привлекательным элементом интерьера. Книжный шкаф Fenrir идеально подойдет для создания уютного читального уголка или дополнения стильной гостиной.",
    "amount": 20,
    
    "price": "5714.29",
    "picture": ""
  }
},
{
  "model": "webapp.product",
  "pk": 66,
  "fields": {
    "room": 9,
    "category": 8,
    "name": "Двухэтажная кровать Fenrir",
    "description": "Двухэтажная кровать Fenrir идеально сочетает в себе практичность и устойчивую конструкцию. Изготовлена из прочного дерева, эта кровать обеспечивает надежность и безопасность для обоих уровней спального места. Простой, но элегантный дизайн с минималистичными линиями позволяет ей легко вписаться в любой интерьер, от детской комнаты до гостевой. Лестница для доступа ко второму ярусу разработана с учетом безопасности и удобства, а рейки вокруг верхней кровати предотвращают случайное падение во время сна. Двухэтажная кровать Fenrir — это отличный выбор для семей, стремящихся максимально эффективно использовать пространство.",
    "amount": 5,
    
    "price": "93650.79",
    "picture": ""
  }
},
{
  "model": "webapp.product",
  "pk": 67,
  "fields": {
    "room": 9,
    "category": 8,
    "name": "Кровать с письменным столом Bambino",
    "description": "Кровать с письменным столом Bambino — это инновационное решение для современных спальных и учебных пространств. Эта многофункциональная мебель сочетает в себе полноценную односпальную кровать с удобным встроенным письменным столом под ней, оптимизируя использование пространства в комнате. Кровать изготовлена из высококачественного дерева с прочной металлической рамой, гарантирующей устойчивость и долговечность. Стол оборудован необходимыми полками и ящиками для хранения учебных материалов, книг и других предметов. Дизайн Starlet, сочетающий функциональность и современный стиль, делает его идеальным выбором для студентов и школьников, ценящих комфорт и порядок в своем личном пространстве.",
    "amount": 4,
    
    "price": "22698.41",
    "picture": ""
  }
},
{
  "model": "webapp.product",
  "pk": 68,
  "fields": {
    "room": 9,
    "category": 8,
    "name": "Детская кроватка Bambino",
    "description": "Детская кроватка Bambino — это уютное и безопасное место для вашего малыша. Изготовленная из экологически чистого дерева, эта кроватка обеспечивает твердость и стабильность, необходимые для безопасности ребенка. Оснащена регулируемым основанием матраса, которое можно опускать по мере роста ребенка, кроватка адаптируется к изменяющимся потребностям семьи. Защитные барьеры с мягкими краями предотвращают случайные удары и гарантируют комфортный сон. Дизайн Bambino выполнен в мягких тонах и с минимальным украшением, создавая теплую и приятную атмосферу в детской комнате. Эта кроватка станет идеальным первым спальным местом для любого ребенка, сочетая в себе безопасность, комфорт и красивый дизайн.",
    "amount": 10,
    
    "price": "8730.16",
    "picture": ""
  }
},
{
  "model": "webapp.product",
  "pk": 69,
  "fields": {
    "room": 9,
    "category": 8,
    "name": "Детская кроватка Mimi",
    "description": "Детская кроватка Mimi — это милое и безопасное спальное место для вашего малыша. Она изготовлена из экологически чистых материалов, что делает её безопасной для здоровья ребенка. Кроватка имеет высокие бортики, которые обеспечивают дополнительную защиту во время сна, а также оснащена удобной функцией регулировки высоты матраса, позволяя ей \"расти\" вместе с вашим ребенком. Простой и в то же время элегантный дизайн с аккуратными линиями и мягкими цветами создает атмосферу спокойствия и комфорта. Кроватка Mimi — прекрасный выбор для родителей, ищущих качественную и функциональную кроватку, которая будет служить верой и правдой на протяжении многих лет.",
    "amount": 10,
    
    "price": "5714.29",
    "picture": ""
  }
},
{
  "model": "webapp.product",
  "pk": 70,
  "fields": {
    "room": 9,
    "category": 9,
    "name": "Книжный шкаф Yuppi средней высоты с дверцей 125см.",
    "description": "Книжный шкаф Yuppi средней высоты с дверцей и высотой 125 см — это стильное и практичное решение для хранения книг и декоративных предметов. Этот шкаф изготовлен из качественного дерева с прочной конструкцией, что обеспечивает его долговечность. Дверца с прозрачным или матовым стеклом не только защищает содержимое от пыли, но и добавляет эстетическую привлекательность, позволяя легко оценить содержимое шкафа. Внутреннее пространство эффективно организовано с помощью регулируемых полок, что дает возможность оптимально использовать доступное пространство под различные нужды. Книжный шкаф Yuppi идеально подходит для небольших помещений, предлагая элегантное решение для хранения без ущерба для стиля и комфорта.",
    "amount": 5,
    
    "price": "4523.81",
    "picture": ""
  }
},
{
  "model": "webapp.product",
  "pk": 71,
  "fields": {
    "room": 9,
    "category": 9,
    "name": "Книжный шкаф Fenrir",
    "description": "Книжный шкаф Fenrir — это элегантное и функциональное дополнение к любому интерьеру. Этот шкаф изготовлен из прочного дерева с выразительной текстурой и глубоким насыщенным цветом, который придает интерьеру ощущение теплоты и роскоши. Шкаф имеет высокую и широкую структуру, предлагая обильное пространство для хранения книг, журналов и декоративных предметов. Продуманный дизайн включает в себя несколько полок разной высоты, что позволяет размещать издания различных размеров и форматов, а также интегрированные шкафчики или выдвижные ящики для хранения мелких предметов и документов. Книжный шкаф Fenrir идеален для создания уютного уголка чтения в доме или офисе, добавляя функциональность и стиль в ваше пространство.",
    "amount": 5,
    
    "price": "9841.27",
    "picture": ""
  }
},
{
  "model": "webapp.product",
  "pk": 72,
  "fields": {
    "room": 9,
    "category": 10,
    "name": "Письменный стол с ящиком 150см Yuppi",
    "description": "Письменный стол Yuppi длиной 150 см с ящиком — это современное и функциональное решение для вашего рабочего пространства. Стол изготовлен из высококачественного дерева с гладкой и устойчивой поверхностью, которая обеспечивает достаточно места для работы с документами, компьютером и другими офисными принадлежностями. Встроенный ящик позволяет удобно хранить канцелярские товары, документы и личные вещи, поддерживая порядок и доступность необходимых предметов. Простой, но элегантный дизайн с минималистичными линиями делает этот стол идеальным дополнением к любому современному или традиционному интерьеру офиса или дома.",
    "amount": 5,
    
    "price": "7777.78",
    "picture": ""
  }
},
{
  "model": "webapp.product",
  "pk": 73,
  "fields": {
    "room": 9,
    "category": 10,
    "name": "Стол Fenrir",
    "description": "Стол Fenrir с ящиками — это превосходный выбор для тех, кто ценит удобство и стиль. Изготовленный из качественного дерева, стол обладает прочной и стабильной конструкцией, а его естественный цвет и текстура добавляют интерьеру теплоту и уют. Элегантный дизайн дополнен несколькими встроенными ящиками, которые позволяют удобно хранить документы, канцелярские принадлежности и другие необходимые вещи, поддерживая порядок на рабочем месте. Стол Fenrir идеально подходит как для домашнего кабинета, так и для офиса, где он поможет создать продуктивную и организованную рабочую атмосферу.",
    "amount": 10,
    
    "price": "6349.21",
    "picture": ""
  }
},
{
  "model": "webapp.product",
  "pk": 74,
  "fields": {
    "room": 9,
    "category": 11,
    "name": "Стульчик Mimi",
    "description": "Стульчик Mimi — это очаровательное и практичное дополнение к детской комнате или игровой зоне. Изготовленный из прочного и легкого материала, этот стул обладает ярким и привлекательным дизайном, который наверняка понравится малышам. Компактный размер идеально подходит для детей, обеспечивая удобство и комфорт во время сидения. Стульчик Mimi также оснащен устойчивыми ножками, что гарантирует безопасность даже во время активных игр. Яркие цвета и забавные узоры делают его не только функциональным элементом мебели, но и веселым акцентом в любом пространстве.",
    "amount": 25,
    
    "price": "714.29",
    "picture": ""
  }
},
{
  "model": "webapp.product",
  "pk": 75,
  "fields": {
    "room": 9,
    "category": 11,
    "name": "Офисное кресло Fenrir",
    "description": "Офисное кресло Fenrir сочетает в себе современный дизайн, функциональность и высокий уровень комфорта. Кресло изготовлено из высококачественных материалов, включая прочную кожу или износостойкую ткань, которые обеспечивают долговечность и легкость в уходе. Эргономичная конструкция с поддержкой поясницы, регулируемыми подлокотниками и механизмом качания обеспечивает оптимальную поддержку и удобство даже во время длительной работы за столом. Кресло Fenrir также оснащено удобной регулировкой высоты и мягкими колесиками, которые позволяют легко перемещаться по рабочему пространству без царапин на полу. Это идеальный выбор для офиса, где важны стиль, функциональность и комфорт.",
    "amount": 25,
    
    "price": "6190.48",
    "picture": ""
  }
},
{
  "model": "auth.user",
  "pk": 1,
  "fields": {
    "password": "pbkdf2_sha256$600000$W6RJZImy30BtXcNeb32sJF$HMjjXgCqxcZY7b3MOojr6G70MU8amTiukLrM5xpV628=",
    "last_login": "2024-04-17T18:02:46.357Z",
    "is_superuser": true,
    "username": "beknazar",
    "first_name": "",
    "last_name": "",
    "email": "680633@gmail.com",
    "is_staff": true,
    "is_active": true,
    "date_joined": "2024-04-09T07:14:15.123Z",
    "groups": [],
    "user_permissions": []
  }
}
]
